productName,companyProductName,productDescription,rentPrice,status,rentPrice,quantity
Madilyn Wintheiser,Alessandra Hermiston,Global,SBD,Quality,Brody Brekke,2624
Barton Rowe,Mrs. Reid Fahey,Dynamic,TJS,Croatia,Wayne Lind PhD,9199
Payton Denesik,Miss Jaqueline Sporer,Forward,INR BTN,online,Anahi Cremin,6174
Bridie Runte,Domingo Stehr,Regional,HTG USD,Optimization,Ethelyn Kessler,3584
Jeanne Macejkovic,Mrs. Rachel Botsford,Customer,BBD,Generic Concrete Gloves,Stephen MacGyver,2964
Adelia Kassulke,Edna Oberbrunner,National,PLN,Programmable,Concepcion Olson Sr.,972
Kallie Leuschke,Maximus Lubowitz V,Investor,KWD,North Dakota,Joannie Beahan V,6575
Ms. Christelle Kub,Eveline Abshire,Internal,PAB USD,Investor,Lera Hintz,3360
Charlotte Orn II,Madaline Volkman,Direct,STD,back up,Petra Jacobi,4271
Andres Farrell,Lyla Lynch,National,QAR,Cambridgeshire,Joy Smitham II,7092
Ramiro Rogahn,Eulalia Fadel,Chief,SOS,Accountability,Emmalee Boyer,99
Piper Braun,Shanny Predovic,Global,IQD,Awesome Metal Bacon,Ali Kunze,5582
Crawford Pagac,Mrs. Amari Nader,Human,IDR,Cambridgeshire,Mrs. Kyleigh Steuber,5784
Madaline Wuckert,Jaclyn Thiel,Human,MZN,Oklahoma,Wilton Quitzon PhD,3604
Herbert Considine,Bernadette Hyatt,Regional,XAF,olive,Daija Feeney,9207
Pattie Toy,Dr. Hollis Williamson,Dynamic,JMD,Manors,Marta Cassin IV,7042
Mallory Schaefer,Miss Maximus Boyer,Lead,BGN,leverage,Edward Rohan,9687
Kyra Ondricka DVM,Coty D'Amore,Future,UZS,Gourde US Dollar,Monroe Kirlin DDS,9911
Nathaniel Torp,Elisabeth Weissnat,International,GYD,Generic,Seth Gottlieb,8626
Katlynn Swift,Russel Wehner,International,SAR,COM,Landen Glover,4040
Maddison Spencer,Reuben Hackett,Senior,COP COU,Cheese,Clarabelle Hagenes,787
Geo Barrows,Gunner Gaylord,Lead,MAD,model,Dudley Lynch,7650
Hillard Roob MD,Zander Littel,Forward,ILS,array,Mr. Iliana Koelpin,761
Adrien Wunsch,Mrs. Hayden Hackett,International,XTS,open-source,Leslie Pfannerstill DDS,6321
Alfredo Doyle,Theron Prohaska,Human,SEK,Paradigm,Nova Nikolaus,7267
Bailee Lowe PhD,Sherman Kozey,Legacy,TOP,deposit,Nolan Tillman,8601
Kelsie Pfeffer,Juana Grimes,Regional,MOP,Credit Card Account,Lilyan Emard,1804
Edwina Willms,Josh Labadie,Forward,RON,Hollow,Baron Von II,7417
Simone Morar PhD,Trycia Stoltenberg,Customer,HTG USD,scale,Annabell Turcotte,5143
Miss Charity Bergnaum,Asha Ruecker,Investor,DJF,Towels,Christelle Turcotte,1385
