productName,companyProductName,productDescription,rentPrice,CURRENCY_NAME,JOB_AREA,STATE,WORD
Mr. Jana Deckow,Yadira Lebsack,Direct,SCR,Peso Uruguayo Uruguay Peso en Unidades Indexadas,Paradigm,New Hampshire,Director
Oleta Hahn,Camille Jacobi,Principal,MZN,Syrian Pound,Usability,Missouri,Representative
Ceasar Blanda,Golda Schuppe,Dynamic,INR,Singapore Dollar,Accountability,Maryland,Bolivar Fuerte
Dusty Quigley,Queenie Schoen,National,BMD,Peso Uruguayo Uruguay Peso en Unidades Indexadas,Solutions,Mississippi,mint green
Mr. Orrin Ritchie,Mr. Gayle Stamm,International,RSD,Malagasy Ariary,Mobility,Colorado,teal
Carey Walker,Anjali Cormier,National,BDT,Australian Dollar,Infrastructure,New York,Oman
Ernest Kertzmann,Krystal Schuppe I,Central,JMD,Armenian Dram,Markets,Kentucky,Program
Laila Reichert,Lenora Feest,Global,KPW,Bolivar Fuerte,Intranet,Delaware,Causeway
Jensen Schumm,Stephany Cummings,Product,XDR,Lebanese Pound,Response,Connecticut,methodologies
Jana Sawayn,Danyka Heidenreich,National,MMK,European Monetary Unit (E.M.U.-6),Quality,Washington,lavender
Roselyn Jakubowski,Roberto Stokes,District,JOD,Bulgarian Lev,Infrastructure,North Carolina,Gloves
Edythe Champlin,Agustin Leuschke,Global,TTD,Egyptian Pound,Response,Massachusetts,Wisconsin
Elfrieda Crooks,Eva Kohler Sr.,Investor,PHP,Belize Dollar,Markets,West Virginia,Consultant
Larue Volkman,Daisy Stamm,Future,ANG,Vatu,Markets,North Carolina,repurpose
Ms. Remington Stokes,Forest Hagenes,Customer,STD,Croatian Kuna,Brand,Missouri,synergies
Isadore Crooks,Odell Lang,Forward,XCD,Lithuanian Litas,Metrics,Colorado,deploy
Aaron Labadie,Kyler VonRueden,Investor,MYR,Guarani,Infrastructure,Wisconsin,Legacy
Leila Tremblay,Linnea Upton,Corporate,PGK,Hong Kong Dollar,Usability,Indiana,Executive
Tamia Hahn,Heather Beier,Global,XAG,Malagasy Ariary,Data,West Virginia,Shoes
Alfonso Jakubowski,Dena Langworth DDS,Internal,SCR,Cayman Islands Dollar,Markets,Louisiana,CSS
Shanie Kihn,Shanna Blanda DVM,Global,PLN,Tenge,Branding,Maryland,plug-and-play
Anya Bartoletti,Hilda Botsford,Dynamic,XDR,Manat,Program,Pennsylvania,Central
Scot Swaniawski II,Ms. Nathanael McLaughlin,Legacy,XBA,Jamaican Dollar,Mobility,New York,quantify
Haleigh Borer,Carmella Bode I,Senior,TMT,Rial Omani,Group,Maryland,Brook
Ronaldo Koch,Kaylah Mosciski,Product,VUV,Belarussian Ruble,Factors,Wyoming,Specialist
Murray Hoppe,Joanne Tremblay,Dynamic,IQD,Kina,Brand,North Carolina,Rustic Metal Chicken
Nia Hodkiewicz,Dr. Maggie Goodwin,Investor,HNL,Convertible Marks,Accountability,Vermont,Spain
Mrs. Chance Waelchi,Leanna Bogisich,Forward,DKK,SDR,Quality,North Carolina,Legacy
Jadon Brakus,Marques Bartoletti,Corporate,VUV,Kenyan Shilling,Infrastructure,Louisiana,payment
Richie Swaniawski,Sibyl Schuster,Direct,VUV,Swedish Krona,Accountability,Kentucky,partnerships
